Profession,0
.net developer,86018.19823529413
.net software developer,147828.78933333332
Accountant,74935.99637500002
Accounts Assistant,86947.52785234898
Accounts Clerk,75989.08474025974
Accounts Manager,81015.69202702703
Accounts Staff,91033.84843373491
Acoustic Engineer,131644.3670748299
Actor,96681.8121511628
Actress,81602.19274390246
Actuary,84927.78230769232
Acupuncturist,85408.20880733947
Adjustor,69722.45208000002
Administration Assistant,78164.01954545453
Administration Clerk,99453.53186046508
Administration Manager,57588.134596774195
Administration Staff,65390.234649681515
Administrator,92476.1926277372
Advertising Agent,60677.27650602411
Advertising Assistant,105215.0464347826
Advertising Clerk,119901.65867088613
Advertising Contractor,78834.39625899283
Advertising Executive,64877.104732824395
Advertising Manager,99403.7167716535
Advertising Staff,71753.18267857142
Aerial Erector,110043.79157894739
Aerobic Instructor,81848.6177906977
Aeronautical Engineer,64294.23570312499
Agent,83010.17268907561
Air Traffic Controller,63383.007703703675
Aircraft Designer,91454.42170212764
Aircraft Engineer,92533.37757009352
Aircraft Maintenance Engineer,88071.84895348837
Aircraft Surface Finisher,74338.9459223301
Airman,93167.15999999999
Airport Controller,82499.42979166667
Airport Manager,80864.1389041096
Almoner,95781.76293478257
Ambulance Controller,81957.79172413792
Ambulance Crew,99228.75291666666
Ambulance Driver,99959.8393243243
Amusement Arcade Worker,125776.2177419355
Anaesthetist,113785.35000000006
Analyst,86011.96612499999
Analytical Chemist,77220.70323076926
Animal Breeder,90742.05049382715
Anthropologist,117189.86956989243
Antique Dealer,111694.8407070707
Applications Engineer,82474.2074226804
Applications Programmer,101438.90064102567
Arbitrator,94856.39813725492
Arborist,95935.7004854369
Archaeologist,106897.73746666667
Architect,70592.45228070176
Archivist,87013.4914893617
Area Manager,60407.738294573624
Armourer,88378.47893939394
Aromatherapist,85657.72103448278
Art Critic,72274.112238806
Art Dealer,100389.67197916667
Art Historian,71025.00041666666
Art Restorer,78855.41943396229
Artexer,75495.20314814815
Artist,68521.34736842103
Arts,102418.36746666665
Assembly Worker,108150.17430769232
Assessor,94893.63229166667
Assistant,65518.305866666655
Assistant Caretaker,120962.269625
Assistant Cook,84141.76254545453
Assistant Manager,102421.8017910448
Assistant Nurse,66004.34440677967
Assistant Teacher,53830.78702380951
Astrologer,106689.828125
Astronomer,80842.06021739134
Attendant,92516.25746031746
Au Pair,56162.57776315792
Auction Worker,79643.32568965518
Auctioneer,80432.58527027028
Audiologist,109827.8974468085
Audit Clerk,81926.58076923076
Audit Manager,74539.11304347825
Auditor,102732.03258426965
Auto Electrician,101697.44528301887
Auxiliary Nurse,77404.82854166666
Bacon Curer,100590.53186440677
Baggage Handler,102327.42701754386
Bailiff,92059.79362068967
Baker,67190.12103448277
Bakery Assistant,106200.0861904762
Bakery Manager,72872.9675308642
Bakery Operator,109231.95645833333
Balloonist,101934.84289473685
Bank Clerk,118424.4957692308
Bank Manager,99646.97688888891
Bank Messenger,116658.38436363635
Baptist Minister,88090.53264150945
Bar Manager,64195.052857142866
Bar Steward,42050.646730769215
Barber,84059.59947368421
Barmaid,113660.64391304347
Barman,104551.0285714286
Barrister,127957.08023255815
Beautician,76084.94333333334
Beauty Therapist,79191.54153846156
Betting Shop,61477.00022727272
Bill Poster,108683.845
Bingo Caller,71688.38799999999
Biochemist,91183.51351351354
Biologist,78262.47200000001
Blacksmith,101536.72687499998
Blind Assembler,68647.89090909093
Blind Fitter,90438.9402777778
Blinds Installer,96150.87285714285
Boat Builder,87853.9784375
Body Fitter,76937.23085714287
Bodyguard,86593.20971428572
Bodyshop,72186.20000000001
Book Binder,110332.81719999999
Book Seller,64954.893214285716
Book-Keeper,129142.76760869566
Booking Agent,58923.67720930233
Booking Clerk,98671.46486486487
Bookmaker,113014.83999999998
Botanist,134855.93076923076
Branch Manager,51653.0575
Breeder,170435.4088
Brewer,54880.90484848485
Brewery Manager,100602.9707142857
Brewery Worker,33216.712692307694
Bricklayer,81763.91186046512
Broadcaster,99412.43519999999
Builder,61372.18439999999
Builders Labourer,137140.36657894737
Building Advisor,93016.24034482759
Building Control,83946.6225
HVAC mechanic,65514.27548507467
Occupations,105359.55516778528
accessibility outreach coordinator,38963.8875
accessibility program manager,107715.66818181818
account executive ,130503.50444444444
account manager,88823.66923076923
accountable manager,81588.09666666665
accountable project manager,147185.85111111111
accountant,138249.71076923076
accounting investment analyst,85232.59416666665
actor,74161.65909090909
actuary,93403.80636363634
admin engineer,31202.889696969698
administrative aide,51288.56684210526
administrative assistant,69852.56785714286
administrative associate to the executive director,42253.74727272727
administrative business promotion coordinator,51441.19699999999
administrative claim examiner,84827.15846153846
administrative contract specialist,63296.65374999998
administrative coordinator,89201.38133333332
administrative engineer,58271.96666666666
administrative management auditor,92110.98333333335
administrative manager,47138.24909090909
administrative office assistant,86399.75727272725
administrative procurement analyst,54409.844999999994
administrative services manager,63458.73916666667
administrative specialist,45137.504166666666
administrative staff analyst,44732.85913043479
administrative support,102213.16538461538
administrative transportation coordinator,34314.11538461538
administrator on duty,43854.4588235294
advertising and promotions manager,65022.297999999995
advertising sales agent,60113.913846153846
aerospace engineer,65616.34692307691
agency attorney,95411.51428571428
agency counsel,70082.80238095237
agricultural engineer,42787.877058823535
agricultural scientist,31153.29157894737
agricultural technician,72297.03176470587
aide,69458.72499999998
air & noise pollution inspector,64061.427500000005
aircraft mechanic,104216.71699999998
aircraft pilot,38716.01916666667
analyst,93105.54400000001
analyst manager,52245.634999999995
animal caretaker,46527.17166666667
animal control worker,62233.393125
animal trainer,64925.91
animalbreeder,79908.96225806454
announcer,111501.56636363636
apparel patternmaker,54298.27416666667
appliance repairer,32460.683437500007
application developer,58280.598823529406
application examiner,80193.388
application solution manager,83499.555
application support analyst,71637.73388888889
application support reporting specialist,50443.408461538456
application worker,71607.67142857143
appraiser,78635.30812499998
apprentice inspector,40305.513333333336
architect,84525.45214285712
architectural designer,145824.194375
archivist,99114.73444444442
artist,63897.30464285717
assembler,93999.565
assessor ,141458.40545454543
asset management specialist,44340.50818181818
asset manager,88474.98923076922
assistant architect,97359.45
assistant business services associate,77991.62866666667
assistant chief of facility compliance,37311.89
assistant civil engineer,91199.14857142857
assistant commissioner,87761.58272727272
assistant commissioner of administration,21560.8176
assistant commissioner of communications and policy,53268.35666666666
assistant commissioner of enforcement,48281.35777777777
assistant commissioner of environmental health unit,59959.882307692314
assistant commissioner of housing policy,41789.30857142858
assistant commissioner of the office of placement administration,66545.19625000001
assistant quality assurance associate,94338.32076923076
astronomer,94022.98266666665
atmospheric scientist,38384.16
audiologist,24441.65037037037
audit engineer,13375.790000000003
audit intern,64214.13692307692
audit manager,72939.78333333334
audit supervisor,106763.03333333333
auditor,50551.589166666665
author,19689.634642857138
auto  machinist,69867.0305263158
auto mechanic,107305.39
automotive glass installer,29775.21925925926
avionics technician,131164.58583333335
back end developer,48158.726
baggage porter,74700.462
bailiff,46675.62299999999
baker,50059.062666666665
barber,158570.63125
bartender,67177.61058823529
bartender helper,99936.1946153846
bellhop,60386.62086956522
best practices coach,36921.28071428571
bid operations liaison,77862.1838095238
bill and account collector,90038.05733333333
billing and posting clerk,84570.86190476188
biological scientist,48183.47555555555
biological technician,43549.864761904755
biomedical engineer,62937.10166666666
blake fellow,188729.26055555552
blockmason,170829.38454545455
boat captain,100542.61699999998
boiler inspector,83614.94227272726
boilermaker,52125.031052631566
bookbinder,48804.03153846154
bookkeeper,107946.53133333332
branch chief,98899.099
brickmason,84491.92176470588
bridge operator,60170.52166666667
broadcast and sound engineering technician,63192.563684210516
brokerage clerk,90994.77529411764
budget,55978.864375000005
budget analyst,39089.943333333336
budget review specialist,75776.42055555554
building cleaner,31749.460909090907
building inspector,60394.88058823529
bus and truck mechanics and diesel engine specialist,52459.401176470594
business administrator ,51045.735
business analyst,49644.75
business intelligence developer,61235.78346153845
business manager,86316.25166666666
business operations specialist,98478.405
business solution architect,182189.66760000004
butcher,55299.10624999999
buyer,87775.96359999999
buyer services manager,39559.828421052625
cabinetmaker,81405.66249999999
cafeteria attendant,56771.18363636364
calendar assistant,85782.92115384615
call center manager,106095.36333333333
camera operator,62668.920625
capacity building assistance specialist,29704.769999999997
cargo and freight agent,44080.51434782608
carpenter,55813.20642857143
cartographer,38354.45437499999
case analyst,119659.45238095238
case management nurse,64731.424166666664
case management team leader,49911.526875
case management unit supervisor,66393.08499999999
case monitor supervisor,61586.963125
case worker,82781.64789473685
cashier,67837.26615384614
cashier supervisor,75634.61562499999
caster,71061.89080000001
ceiling tile installer,62265.112307692296
cement mason,61282.23583333333
certified it administrator,57524.05533333334
certified it developer,115372.28399999999
certified specialist,41785.11869565217
channel manager,34697.287500000006
chauffeur,49078.21352941177
chef,69904.3352
chemical engineer,39821.62512820513
chemical technician,74844.67266666667
chemists,87670.10263157895
chief architect,115657.27647058823
chief compliance officer,53958.41440000001
chief diversity officer,37607.72185185186
chief engineer of dispute resolutions,57793.7665
chief executive,56073.74522727273
chief financial officer,140444.02380952382
chief information security officer,105054.75764705881
chief investigator,59035.56562500002
chief of staff,72937.1776923077
chief operating officer,40086.352162162184
chief plan examiner,55064.50578947369
chief review officer,91320.51130434782
child care worker,99856.77782608694
child welfare analyst,62711.39108108107
chiropractor,52356.219333333334
choreographer,34441.19857142858
city assessor,65641.904
city laborer,71891.9816
city medical examiner,67062.19687500001
city park worker,65242.12789473685
city planner,56948.28548387096
city planning technician,72435.1025
city research scientist,62334.1416
civil design lead,76011.39703703704
civil engineer,95259.92341463419
civilian investigator,43293.854999999996
claim specialist,73033.5740909091
claims adjuster,29402.59
claims processor,105650.50673913046
claims specialist,68932.1961111111
clergy,69621.47095238096
clerical aide,69972.74285714285
clerical assistant,41953.4290909091
clerical associate,77163.329
clerical supervisor,64235.17310344828
clerk,68980.68500000001
client services representative,53886.098999999995
climber & pruner,54072.808823529405
clinical case supervisor,34178.55583333333
clinical director,25857.205714285716
clinical laboratory technologist and technician,35308.91588235294
cloud reliability engineer,65262.70045454545
coach,85661.26833333333
collections administrator,33319.7045
collector,39194.54176470588
college aide,43837.726363636364
commercial diver,25151.49809523809
communication electrician,31787.399411764705
communication manager,38236.63529411765
communication specialist,64739.89666666667
communication worker,37135.1664102564
communications equipment operator,81809.25785714285
community & industry relations associate,66637.94307692307
community assistant,34272.2825
community associate,52704.35249999999
community coordinator,53175.381
community service manager,55291.92666666667
community supervisor,61550.349230769236
compliance analyst,56202.818571428565
compliance and enforcement attorney,61899.085
compliance auditor,37187.42083333334
compliance manager,81714.98789473684
compliance officer,35410.21684210526
compliance support specialist,50278.1561904762
computer aide,56095.622
computer and information systems manager,42506.59
computer associate,36683.25
computer control operator,70036.7495
computer hardware engineer,65714.49458333333
computer operator,38138.14419354838
computer programmer,36946.45538461538
computer scientist,28126.342500000002
computer service technician,40968.44909090909
computer software engineer,45016.97888888888
computer specialist,64321.33666666666
computer support specialist,40105.75444444445
computer systems manager,38950.134230769225
concierge,46848.639599999995
confidential investigator,52173.19571428571
conflict resolution specialist,35510.460476190485
consent specialist,47154.588124999995
conservation scientist ,60237.09925925926
constituent services liaison,50142.78142857142
construction inspector,73291.22142857143
construction intern,58010.44
construction manager,51078.827567567576
construction project manager,39239.373
construction safety and quality inspector,55809.33764705883
content developer,34196.106111111105
content engineer ,64404.456249999996
contract analyst,45455.81121951219
contract manager,74362.0469565218
contract processor,57107.83718750001
contract specialist,77733.53827586208
contracts attorney,49731.33242424243
contracts officer,55569.93431818183
conveyor operator,50238.358235294116
coordinator,52048.03567567568
correctional officer,63572.56135135135
correctional officers,74206.2643902439
cosmetologist,49008.97359999999
cost estimating manager,61517.37829268294
cost estimator,34796.075072463755
counselor,43255.385084745765
courier,54621.6776923077
court liaison officer,45128.77547169812
court representative,49291.84911111111
cranes & derricks inspector,52390.660312500004
credit analyst,54182.66921052632
credit authorizer,60683.91549019608
crime analyst,51572.498750000006
criminal investigator,61065.659999999996
criminalist,35903.110408163266
crm developer,58839.512093023266
crossing guard,69600.12891891894
cultural affairs coordinator,69614.1345
curator,45349.68887096774
custodial assistant,54547.88421052631
custodian,39463.619736842105
customer service,41424.87241379311
customer service & operations analysis intern,57786.371276595746
customer service representative,50159.82555555555
cybersecurity operations analyst,47734.84859154927
dam safety coordinator,53409.615892857146
dancer,66143.46805970151
data analyst,46232.61652173914
data and process analyst,39691.353584905664
data and technology analyst,48742.73000000001
data architect,58247.48189655172
data assistant,51321.09312500001
data engineer,51735.359142857145
data entry clerk,60631.03588235293
data entry keyer,75396.382
data management assistant,77080.53705882354
data manager,87986.11630769234
data research analyst,60295.528030303045
data research specialist,65044.49666666668
data scientist,42919.16545454545
data support analyst,88192.19873239438
data warehouse architect,79861.45
database administrator,48826.101280487805
database developer,76640.21403508773
dba engineer,48436.77054054056
dba lead,46674.45111111111
deckhand,61089.47672727272
demonstrator,48858.57847222223
dental assistant,48827.082428571426
dental hygienist,78964.30894736841
dentist,68436.95836363638
deputy budget director,67430.86524590163
deputy chief,49438.301666666666
deputy chief engineer,39760.09086538461
deputy chief of outside development,68461.60450704226
deputy chief of quality assurance,53246.7505
deputy commissioner,53289.85434782609
deputy director,48434.26178571428
deputy executive director,59319.600694444445
derrick service unit operator,51937.93523489928
design manager,67362.93988505747
designer,52536.73504950495
desk clerk,54028.60483333337
desktop publisher,53350.308874999995
detectives,76763.430631579
dietitian,62368.420989010985
director,56560.122660550456
dishwasher,58635.46875
dispatcher,52450.925053763436
distributor,56130.46814285713
division chief,60569.264814814815
door-to-door sales worker,60335.75216216218
drafter,48677.94405172415
dressmaker,55498.13947368423
drywall installer,47636.600865384615
dynamic crm developer,38305.29137096775
e-discovery analyst,61672.61584158417
e-learning content developer,66137.405390625
early childhood education consultant,53239.33844444445
early intervention official,49755.16880952381
earth driller,57209.81044247789
economic analyst,59191.371250000004
economist,65042.17267326734
edge engineer,60124.67325842696
editor,69710.5998095238
editorial intern,68041.91333333334
education administrator,54655.57971698113
electrical engineer,51027.75327272727
electrical inspector,48492.342796610166
electrical power-line installer,64516.87151785713
electrician,56255.31522123894
electronics engineer,44694.498099173565
elementary teacher,47798.74307086614
elevator installer,50411.80173228347
elevator repairer,52887.84269503548
eligibility interviewer,52446.14848484848
eligibility worker,71686.33935251797
emergency communications specialist,59203.875472972984
emergency field logistics coordinator,49547.73580152671
emergency manager,50465.13149068324
emergency medical technician,46849.47712328768
employee benefits coordinator,67506.2372440945
employee relations specialist,58102.47836363634
energy analyst,42653.08391812865
energy policy advisor,55768.82792682923
energy program analyst,53185.577739726
engineer in charge,56983.03224000001
engineering manager,41378.219337748335
engineering technician,57214.255284974104
engraver,60298.78767605632
entertainer,47777.21853146853
enviromental assessment coordinator,77556.29229508196
environmental compliance specialist,65662.84595890409
environmental engineer,51101.10120218577
environmental health & safety auditor,88186.66965517243
environmental health & safety incident investigator,55474.248971428584
environmental health & safety regional manager,58846.29238805969
environmental program manager,69397.75722972972
environmental project manager,61666.5203896104
environmental review unit,61521.83589041094
environmental scientist,60513.10440789472
environmental specialist,67252.0118367347
equipment training coordinator,48232.13512048191
equity & special projects coordinator,64019.3383146067
escalation line team leader,63640.90259999998
etchers,64031.19493421053
etl developer,59542.22277108435
etl lead,57885.44883838386
evaluation coordinator,48802.713333333326
evaluation lead,62742.210795454535
evaluation specialist,53780.845841584145
examiner,50925.87303664918
examining attorney,57709.07605555557
executive agency counsel,80915.18765550238
executive assistant,65650.60366863903
executive director,64783.54608695652
executive program coordinator,44886.027302325594
executive project auditor,61274.17202185794
executive project manager,49789.75672727272
explosives worker,48607.09979079498
extraction worker,55340.39183962265
facilities clerk,69084.77233333333
facilities management assistant,68649.93808988761
facility operations custodial assistant,71263.04616279068
family advocate,55820.035018050556
farm ranch and other agricultural manager,61182.16789954336
farmer ,76405.99584362136
fence erector,67396.78547169812
field  doctor,58786.469734513295
field captain,63522.11704663211
field inspector,56467.91375000003
field operations training coordinator,58623.263293650794
field outreach specialist,69143.35457777779
field services technician,57073.90556122448
field tech,58334.2527149321
field/desktop technician,53917.027820512776
file clerk,63460.64892018782
financial analyst,76750.97447619046
financial examiner,58835.162500000006
financial manager,77250.73819277104
financial reviewer,66140.7309090909
financial specialist,53172.57934497816
fingerprint unit specialist,59326.05499999999
fire fighter,73694.1821862348
fire inspector,66148.65016597508
fire medical officer,58430.83142156864
fiscal coordinator,62624.096463414644
fiscal manager,56470.85340909091
fish and game warden,54990.93725868726
fisher,57460.30125506075
fleet administrator,52844.747491289185
fleet assistant,62927.80439393934
fleet management assistant,56379.797689075625
flight engineer,57184.253081571005
food preparation worker,77058.32692307685
food science technician,66770.9161302682
food scientist,53870.148736059484
food server,50513.04447761194
food service manager,55580.57280276815
forensic logistics specialist,67138.62170833335
forensic pathology technician,53120.57503521127
forester,69003.71964401296
foster care program evaluator,57979.66071917805
front end developer,59191.194557823124
functional analyst,55841.56761764701
funeral director,82800.914246988
funeral service worker,60721.61683333333
furniture coordinator,52108.413691860485
furniture finisher,68595.1788513513
gaming manager,85602.83302941175
gaming surveillance officer,63902.44743670882
gardener,65123.27620370375
general counsel,67827.3288087774
general manager ,60928.02734006735
general services associate,56627.74809045229
geological engineer,75265.94330484331
geological technician ,76789.74919308354
geologist,64121.800760869555
geoscientist,66699.5666929134
gis analyst,59027.61621451103
gis editor,90742.22884910493
gis specialist,77253.98301204824
glazier,52918.00058047492
grader,68934.09992424237
grant coordinator,53201.33447867299
grant manager,63048.2423719677
grant project manager,71319.81255952381
graphic artist,59872.677605633835
green infrastructure engineer,64330.538333333396
greeter,65993.18500000004
grounds maintenance worker,65157.54578651681
groundskeeping worker,51797.16980132445
group head,56241.076250000035
hairdresser,61426.9390792839
hairstylist,67143.03732997479
hazardous materials removal worker,65694.10906515576
head cook,63816.621700507654
health adviser,69269.76234567905
health diagnosing and treating practitioner,66572.1486741573
health navigator,59294.29438902744
health promoter,64236.98242647067
hearing officer,72849.6961
heat coordinator,74639.38738430587
heating plant technician,63097.0898873874
heavy vehicle and mobile equipment service technician,73154.16077830188
help desk representative,65333.80274463004
help desk technician,67790.24497816601
helper,73663.65617021271
high pressure plant tender,65735.97230946878
highway maintenance worker,61308.76908866998
highways and sewers inspector,68105.00389867839
hiring plan analyst,73442.88246220298
home health aide,71083.94221991701
homeowner mortgage service manager,75385.946574074
host,77465.12635080643
hostess,57539.117073608584
hostler,68932.93995780588
housekeeping cleaner,60946.13802816903
hr payroll systems security architect,70167.58802173914
hr specialist,75833.005127551
hro application support manager,64715.68330232556
human resources,69421.29897274636
human resources administrative assistant,73392.65520912551
human resources analyst,58639.78646216767
human resources assistant,73811.46947368424
human resources associate,67368.95224137932
human resources college aide,67777.25974545456
human resources coordinator,59316.427818181815
human resources generalist,64320.63527827638
human resources manager,70302.26874200425
human resources specialist,66457.63525846695
human resources support staff,73232.51315677965
human rights specialist,77941.34540755463
hunter,70620.754117647
implementation coordinator,67217.10978378383
incident commander,70540.25297352338
industrial control technician,64248.42131175469
industrial engineer,80892.89619744061
industrial hygienist,62659.281655290106
industrial production manager,70022.04057142862
industrial program compliance analyst,64131.897590822184
information clerk,68721.45182352938
information representative,70877.66481412642
information security architecture & engineering manager,70014.46677865613
information security audit and compliance manager,61160.60120980104
information security identity & access manager,71496.23026534007
information security officer,63376.65408424911
information systems and quality analyst,73588.4424557957
inspector,74365.63153284672
inspector ,65576.86553731344
inspector general,65836.64654895663
instructor,71469.83016260162
instrumentation specialist,73097.35970331595
insulation worker,63405.20509031197
insurance claims and policy processing clerk,77116.95664495113
insurance sales agent,73262.60536434111
insurance underwriter,70757.50008474576
intake investigator,79551.17971168428
integration support engineer,73626.514844904
integrity control officer,72254.96309143679
interagency exercise coordinator,67143.6332371795
intergovernmental affairs intern,70915.355704698
intergovernmental outreach coordinator,64726.10877667143
intergovernmental relations task force,74819.40464454981
intern,67421.06505102041
interpreter,71005.29816586922
interviewer,58857.92310109295
investigative auditor,75443.01879104479
investigative consultant,70936.54954545456
investigative manager,61534.16239010986
investigator,59561.73716755311
investigator trainee,58333.11313920446
investment analyst,73657.27799442897
investment officer,69365.59841333341
ios developer,78300.07128133715
ip telephony design engineer,74210.22320163478
iron worker,70616.0227406418
it - project manager,72732.07482857139
it auditor,69579.47975326561
it budget & contracts manager,69621.783562586
it business analyst,77505.40189560436
it contract analyst,76244.6033931035
it contracts specialist,65196.85090782115
it helpdesk manager,69584.63672131147
it infrastructure project manager,80126.72269972449
it operations clerk,69391.118513324
it relationship manager,67238.10147500006
it security analyst,62489.79264352474
it security officer,64851.41411214957
it support technician,66021.76457737322
jailer,66521.88429054052
janitor,69716.0224752475
janitorial worker,74071.2340050697
java developer,73689.06775568187
jeweler,70026.30969504449
judge,70672.26587968224
junior accountant,61751.4577295918
junior financial planning and reporting analyst,75301.3429882045
junior public health nurse,65220.284845222035
junior z/os engineer,74817.21694444446
juvenile implementation manager,65091.18751091696
juvenile justice trainer,71417.47622499999
kettle operator,71233.20130322577
kiln operator,76176.43390644754
kindergarten teacher,78295.33599443674
labor law investigator,71720.7539585605
labor relations attorney,66128.09027127
labor relations specialist,69845.02411835744
labor standards investigator,62974.53390868592
laboratory associate,64857.135823798664
laboratory microbiologist,73916.17158256877
laboratory technician,61615.20618434095
landscape architect,69988.01760869569
lead business analyst,73969.75486345911
lead design engineer,73131.26683544308
lead designer,67777.7878142077
lead expense management analyst,75061.64766666667
lead trainer,60756.87570926149
learning management,78055.61170163166
lease analyst,74503.99434444444
leather workers,76334.19800843002
legal assistant,71947.25117078405
legal coordinator,81665.32378124994
legal support worker,78942.13034446769
legislator,81618.73735682818
letterer and sign painter,74095.62290358743
liaison,81375.84407325195
librarian,76105.45733634314
library assistant,68808.70619341565
library technician,66484.20719780223
licensed vocational nurse,71172.01474789916
licensing clerk,74350.37064200222
lifeguard,73543.04186708867
linux administrator,71976.2934758772
load officer,70938.78102123368
loan counselor,71381.06939953812
loan officer,73209.91633160612
lobby attendant,76470.87351407713
locksmith,78737.34392376678
locomotive engineer,67208.26654488509
lodging manager,73808.78097902096
logging worker,76222.1532358675
logistician,67644.38946692998
low pressure boiler inspector,72845.05298568506
machine operator,79808.10853685369
machinist,75772.43366844926
magistrate,76686.37240293801
maid,81225.21651404786
mail clerk,69541.37711815565
mail machine operator,71709.79711753727
mail superintendent,78396.44469798663
mailroom control clerk,73753.35893503723
mailroom section supervisor,76076.0301976285
maintenance facilitator,67850.55306436113
maintenance worker,67295.16739449537
management analyst,81893.90596039602
management auditor,73854.65197964845
management systems specialistcrm information systems manager,70520.8417361784
manager,68078.38794651377
mapping technician,71931.49733887737
marine electronics technician,75469.67854207441
marine engineer,72697.42592456297
marine oilermate,71313.98609615392
market researcher,76950.56469465657
marketing and sales manager,71416.20033777764
massage therapist,73834.43363899621
material moving worker,85879.1802472528
materials engineer,75877.42218509011
materials scientist,79400.35608357625
mathematician,83052.23607929538
measurer,75427.4374560592
mechanical cost estimator,78176.38467757456
mechanical engineer,78556.01518976182
media worker,70836.840142315
mediation coordinator,65909.79569920855
medical and health services manager,74655.24811038353
medical assistant,74200.82547427648
medical examiner assistant,77937.67131652664
medical records and health information technician,81798.44210622714
medical scientist,74046.07071038257
medical technician,79936.45542562337
medicolegal analyst,79022.58140831756
medicolegal investigator,76665.75740704499
meeting and convention planner,74799.16454301072
mental health coordinator,75613.90739910315
messenger,86654.9431850533
metal work mechanic,72399.81712702467
meter reader,80830.18842798354
metrics and reporting engineer,74770.08876122083
middle school teacher,78223.83742207252
millwright,75539.82940036898
mining engineer,79722.41705093844
mining machine operator,75836.21002669033
mobile device management architect,74251.36465562337
molder,77561.57384166679
motor vehicle operator,71156.15730528207
museum technician,80208.2939932317
musician,83408.09652213195
natural sciences manager,79919.03491198644
naval architect,78023.62836153165
neigborhood resiliency specialist,74620.76642976585
network administrator,80587.58499605993
network engineer,70338.92327557766
network field technician,83759.75104976684
network services manager,77316.7223188406
news analyst,80562.53685457521
news and street vendor,77514.14433098593
nuclear engineer,82230.6302175731
nuclear technicians,77495.70416398719
nurse home visitor,76728.16236842098
nursing supervisor,81332.87730236351
nutrition consultant,78456.22638605433
nutritionist,72324.33996969707
occupational therapist,78741.1499535243
occupational therapist assistant,70936.37083588955
office administrator,77550.69981922742
office assistant,73583.94135811829
office clerk,79131.32935510202
office coordinator,79369.82752959752
office machine aide,75955.43195618152
office machine repairer,74257.15327081778
office manager,75827.64522257555
oil burner specialist,86849.9443356645
ombudsperson,80223.34685457515
on-line medical control physician,82170.0584052388
open data lead analyst,75530.0219528373
open market order coordinator,86654.40646921283
operations associate,89878.17304241427
operations coordinator,78740.22250186157
operations customer service liaison,75311.22658841948
operations desktop support technician,79129.45897332257
operations manager,73202.91685758503
optical network engineer,72843.9948814079
optician,79267.42864884931
optometrist,79721.43126056886
order clerk,72880.53236743834
order filler,70428.04461932644
ordered deductions analyst,74073.4040371748
ordnance handling expert,80122.49879014204
outbreak data analyst,78991.20372797742
outreach assistant,80289.11152647976
outreach intern,88107.67980273132
packager,83065.80952344347
packer,78713.6223012232
painter,75353.45713313167
paperhanger,81374.51524169187
paralegal,72648.82757553952
paralegal aide,75394.60353488376
paralegal assistant supervisor,80165.05428468733
paramedic,82434.14645892334
parking enforcement officer,83091.27466447379
parking enforcement worker,76682.09115631686
parking lot attendant,76210.01857686449
parks enforcement patrol,82988.50766718501
parts salesperson,79132.99316839005
patternmaker,72883.1264242425
payment analyst,71330.39564655175
payroll data associate,87867.56633237825
payroll liaison,77027.94931905116
payroll supervisor,77378.3672315036
payroll systems analyst,79287.4313914925
penalty processing unit cashier,83224.42565376192
peoplesoft developer,78059.61435369325
performance management specialist,76543.90799456158
performer,75525.7801001431
permit records assistant,80078.54747354508
personal and home care aide,78642.100551827
personal care and service worker,86477.57735245902
personal financial advisor,81920.93058997048
personnel associate,76880.93738525723
personnel coordinator,78888.10019396558
pest control aide,83748.64793948118
pest control worker,77432.3963173654
petroleum engineer,75848.82087643676
petroleum technician,78809.55407960205
pharmacist,80792.31384229401
photogrammetrist,84089.36114305735
photographer,73742.87717210488
physical scientist,86371.39728120515
physical therapist,81103.23701895052
physical therapist assistant,80183.78513970587
physician,79831.76405954991
physician assistant,85623.98687830698
physicist,83650.53885401473
pile-driver operator,82508.37811732602
pipefitter,76821.05165041784
pipelayer,82178.53505361929
placement staff nurse,80896.81033175357
plan examiner,83613.76439137138
plan management specialist,76286.93178623723
plasterer,79341.47561532793
plumber,76318.63415352977
plumber's helper,84320.77763176404
plumbing and fire suppression engineer,75297.26345405773
plumbing inspector,86068.75507871328
podiatrist,85574.88509658253
police administrative aide,92744.72907997167
police officer,77267.39774825171
police surgeon,78374.17013850412
policeman,81946.30147598872
policy advisor,84873.9057968866
policy analyst,85834.7158753501
policy writer,82778.39410404624
port marine engineer,90685.47773121376
portal support engineer,85789.20450896064
portfolio manager,79150.58343326197
postal office clerk,83730.57797503457
postal service clerk,84372.13740278789
postal service mail carrier,82945.8963186441
postal service mail sorter,78554.95223178797
postmaster,85563.26412709999
postsecondary teacher,80836.70772891134
power plant operator,88225.18682055092
preplacement nurse practitioner,87332.61445378164
prepress technician,84834.61780906592
preschool teacher,85332.17283268487
press officer,62773.77988927331
presser,69087.76079763673
principal administrative associate,69226.98357990227
principle design manager,59293.26724084179
private detective,64165.997038596426
probation assistant,65891.92596069865
probation officer,63887.45808115536
probation officer trainee,64365.23838165874
procedural justice coordinator,57271.74767068279
process messenger,62145.29193965511
process reform analyst intern,64609.395832106005
process server,65302.173312629515
processor,65772.52596399093
procurement analyst,67403.45750969746
procurement clerk,62313.27959213402
procurement contracting officer,74295.0200593471
procurement specialist,64162.0656961131
producer ,63836.97074122236
product advisor,71438.77462387852
product manager,66829.44179127725
product owner,60696.312842835214
product promoter,66074.84612565451
product support specialist,71248.96611671466
production support,67630.51736585371
program administrator,60031.85470503597
program analyst,70014.83105263177
program and policy specialist,63328.879501730225
program assistant,65450.95322924053
program associate,75422.13097859343
program contract analyst,66427.22246176243
program coordinator for early childhood health,63792.35564828613
program executive,64542.2006911765
program management office assistant,64552.68993827168
program manager,66418.27796533536
program managercadd coordinator,67124.78555805249
program planner,69249.80606484896
program specialist,66912.33299698794
project coordinator,64243.47215417871
project cost estimator,65955.27911401604
project development coordinator,68139.44995447644
project director,70877.7206518519
project manager,68940.95930685353
project manager ,73068.13090697669
project planner,66502.86365820182
project specialist,63064.70041401271
projects coordinator,64387.20128325505
property acquisition coordinator,70943.1582490274
property manager,63766.21232248525
prosecutor,58808.786282991234
psychologist,61978.94429075522
public health adviser,61228.79072199728
public health assistant,61505.56596969702
public health detailing specialist,67756.2672269503
public health epidemiologist,70275.93754901971
public health nurse,66739.60991947289
public policy and training coordinator,62906.02349710992
public records aide,61500.10601526716
public relations manager,66380.10117647056
public relations specialist,63943.92764792895
public warning specialist,70497.64517138612
pumping station operator,66824.60586005823
purchasing agent,62816.62889984826
purchasing agent - buyer,71110.56037009622
purchasing manager,61159.21097560974
qa analyst,71957.4045032573
qa senior auditor,64172.4241947853
quality assurance auditor,66921.45884016975
quality assurance engineer,69557.34622154779
quality assurance manager,65558.99687993685
quality assurance project manager,66204.69853460962
quality assurance specialist,68108.46976303321
quality child care manager,68858.88691729329
quality control case reviewer,74189.16160578377
quality control senior engineer,71278.9021223857
quality improvement specialist,67219.5166588785
quality management specialist,69806.99044764799
radiation emergency response specialist,63721.704745895186
radiation therapist,66042.47370494556
radio and telecommunications equipment installer,72637.64183739836
radio operators,69650.03224763408
radio repair mechanic,70477.39852775539
radio room operator,66449.72399233715
rail-track laying and maintenance equipment operator,69406.5660649248
railroad conductor,68088.05671580671
rancher,69203.60019215377
real estate broker,71111.29443768998
real estate manager,75014.23894984325
rebar workers,68504.71566146261
receivables/payables analyst,66156.50650238476
receptionist,60831.248319672115
records officer,69487.33131955477
records searcher,72527.75896991795
recreation and fitness worker,66362.24920289853
recreational therapist,62587.16372239744
recruiting & onboarding coordinator,63612.337100977165
recruitment assistant,72943.52057408851
refuse and recyclable material collector,73070.84377192977
regional field administrative assistant,70840.94507165602
registered dental hygienist,67438.81406995235
registered nurse,74689.55643429486
regulatory and licensing specialist,71332.38248041776
regulatory compliance agency attorney,68944.76918205807
reinforcing iron worker,72159.6854737732
religious worker,71099.2073805733
remote learning team specialist,66442.38003267965
rental clerk,73437.21002514685
reporter,65868.16294946145
research analyst,71114.49452234214
research assistant,68267.80573587888
research scientist,64359.055576739745
resident engineer,69259.5908166666
residential advisor,70862.7232434944
resiliency coordinator,71814.20735013024
resiliency engineer,66356.92687188028
resource specialist,63542.56629123081
respiratory therapist,66711.71735489224
retail buyer,68317.15573024063
retail salesperson,64712.40190800678
retail specialist,68853.09734374998
revenue agent,69990.24224872232
revenue assistant,73806.51934413567
review unit supervisor,65042.19391475929
rezoning manager,66111.67061188813
rigger,73753.82334503946
risk management,65678.84313139938
roof bolter,80904.33744878962
roofer,70956.20193739426
roustabout,72718.22477493383
safe event coordinator,63556.56919341566
safety & equipment training specialist,70412.51768421054
safety accident investigator,72088.01888396802
safety auditor,67194.79136138603
safety engineer,74473.66085836913
sailor,68775.2275194469
sales agent,67313.42326512453
sales engineer,57230.70895850974
sales representative,75142.67005454547
samplers,64702.627967625915
sanitation engineer,70722.07214953269
scanning operator,70282.90451310869
school health nurse practitioner,72302.0415720524
school mental health consultant,72410.28231793967
school mental health training coordinator,72202.96279700645
scientistscientist,79118.33744282744
searcher,68869.01134883722
seasonal city park worker,71000.05793915603
secondary school teacher,69815.20447592075
secretary to division chief,75032.62022038568
section chief,66514.37501413762
securities commodities and financial services sales agent,73227.72207305035
security administrator,74744.92896289253
security and fire alarm systems installer,76641.39470134884
security guard,72750.04675262663
security officer,69224.8545309734
security specialist,70035.55682751541
security system administrator,72391.04358727095
security systems engineer,67179.67254847642
senior accountant,75066.40507142857
senior advisor,66012.55186746999
senior analyst,78563.67573454927
senior application engineer,63006.89149019605
senior architect cloud infrastructure design and engineering,70325.2912272727
senior bi developer,72715.07268218619
senior budget analyst,63887.96317248467
senior business analyst,70860.07451874368
senior case support associate,73296.30231491127
senior civil service advisor,75946.92531843575
senior construction manager,72452.5415227934
senior cook,62877.58572736517
senior counsel,75203.3147033898
senior crm developer,73751.1809910803
senior data analyst,69709.08433471931
senior data scientist,72375.1063996043
senior design engineer,70058.51752587993
senior developer,65941.35016322092
senior director,70453.39238193014
senior director it,76126.3411160221
senior early childhood education consultant,78591.0429254727
senior electrical engineer,74169.85710128056
senior engineer,72847.40826226013
senior estimator,77055.60030439687
senior exchange engineer,78260.57675310038
senior field supervisor,66546.37611299433
senior financial reporting investment analyst,74345.15366197182
senior forester for restitution,72954.50110311754
senior general counsel,71645.7876344086
senior human capital partnership and performance management analyst,77261.7454289072
senior human resources specialist,72210.70773648658
senior inspector,79735.92469364167
senior intergroup relations officer,74288.88891498887
senior investigative auditor,71743.29304302201
senior investment analyst,71958.44134708743
senior it business analyst,79607.19108465615
senior it project manager,74713.02215456679
senior landscape architect,76623.75251059326
senior mainframe programmer analyst,69403.09619164618
senior mobile developer,77919.42633819951
senior network engineer,73497.39774818406
senior network specialist,75571.880407911
senior operations associate,71053.0630076142
senior organizational development and training specialist,76768.74757369618
senior payment analyst,67322.35875453446
senior peoplesoft analyst,78564.87444444445
senior police administrative aide,71047.34346681922
senior policy advisor,72275.82026315792
senior port engineer,71682.9690298507
senior product manager,84544.30623803007
senior program manager,81159.37867759552
senior program officer,83183.25413145535
senior programmer,74372.36631578943
senior project analyst,76497.83904817865
senior project controls specialist,76516.38597239646
senior project engineer,75082.81237583893
senior project leader,71481.99916284405
senior project manager,77311.23182414703
senior project officer,74528.46501930516
senior public health inspector,72025.65099236644
senior quality oversight analyst,69876.58089775562
senior rackets investigator,77233.20359313085
senior radio system network engineer,72268.60052631574
senior research analyst,74358.39543478261
senior resiliency planner,74382.871701603
senior safety accident investigator,79142.48212401061
senior security analyst,70293.24941333332
senior service desk agent,82166.77410150897
senior staff electrical engineer,77984.2779178886
senior stationary engineer,74418.49041237113
senior technology analyst/coordinator,81827.96679597702
senior title examiner,84850.42207702884
senior trainer,75665.3290163935
senior urban designer,70538.43404466499
senior windows administrator,84187.76165980799
septic tank servicer,85782.6698389458
sergeant,79079.41969230765
server support engineer,69118.33219373219
service asset configuration manager,74186.86610719317
service contract procurement analyst,77392.98986130377
service desk agent,74442.21927512354
service desk manager,76981.534516129
service station attendant,68634.24265042979
sewer,81715.68041221373
sewer pipe cleaner,75080.6772093022
sewing machine operator,70487.69807692309
sharepoint developer,71292.54738028177
sheet metal worker,66403.38192556637
sheriff's patrol officer,74620.8170809248
ship engineer,84736.0496928328
ship loaders,87528.28922330095
shuttle car operator,86276.04496087637
singer,77947.98705035966
small engine mechanic,81119.41145482394
social science research assistant,80022.07987740802
social scientist,76963.91496710535
social service specialist,73708.72572972973
social worker,79427.77344537812
sociologist,75030.22519877674
software developer,78301.82600337265
solar energy project manager,72069.92494556766
solutions director,69469.05781302169
sorter,75121.44963031424
space analyst,71840.64837398374
space scientists,72473.73185618734
special assistant,71112.97285971227
special assistant to assistant deputy commissioner,80654.73296583841
special consultant,83010.77345351038
special education teacher,87607.68376363633
special examiner,70388.36516286652
special projects manager,74735.2533506045
special underwriting project manager,78067.09930047704
speech-language pathologist,77984.86338333339
spending analyst,80434.79149635033
sql/oracle database administrator,73977.54939114397
sr. analyst,106148.03664570217
sr. internal auditor,85826.72143141157
staff analyst,73209.75508403362
staff analyst 2,79819.65803001879
staff analyst ii,74886.2783661417
staff analyst level ii,73210.05408644401
staff attorney,78317.55165085391
staff auditor,77892.47393684206
staff counsel,74952.4035571688
staff engineer / architect,84607.68262008735
staff photographer,77615.72635610763
standards specialist,77649.94107468118
stationary engineer,77585.64112903227
statistical analyst,86985.87439114398
statistical assistant,80009.32716814158
statistician,73817.68093632959
steamfitter,74688.5593013101
steel workers,90031.6314775161
stock clerk,72413.68134099619
stock worker level ii,75403.19668737068
stonemason,77277.81740506328
storage engineer,80977.45580041579
stormwater program coordinator,91287.71115686266
strategic account manager,90087.27760181004
strategic initiatives coordinator,73898.51293333335
strategic operations policy analyst,81238.05453362255
strategic partnership liaison,75346.72886877824
strategic planning associate,85451.04004597708
street ambassador,77663.42511677284
structural engineer,75936.3463875598
structural iron and steel worker,91279.60865429236
stucco mason,73050.08050574714
student data analyst,85343.41316062174
student legal specialist,70194.83513274339
summer college intern,78586.31442731275
summer communications assistant,61621.793995633176
summer graduate intern,69227.34151515146
summer it intern,83236.55043373488
supervising health nurse,87131.89638497653
supervising housing groundskeeper,80601.11004842617
supervising nurse,72217.02089108914
supervising physician,84716.25918575068
supervising public health advisor,78607.64262773721
supervisor,81124.3318181818
support engineer,71211.02683923708
support worker,81057.04194379396
surgeon,67225.08483483482
survey researcher,74407.333933518
surveyor,76078.06667664669
switchboard operator,81172.40941666665
system administrator,84999.6768613139
systems access management engineer,73720.38643203884
systems administrator - computer software,82623.65327777779
systems analyst,76554.98148717952
tailor,80788.98281690142
talent acquisition specialist,71079.27394202896
taper,67627.13364556964
tax examiner,68892.54431524548
tax incentives director,68883.4544973545
tax preparer,74860.57926027401
taxi driver,75956.9815249267
teacher assistant,96896.7207297297
team coach team leader,75325.90710963453
technical investigator,90749.8645938375
technical lead,89893.0992971246
technical project manager/product owner,82350.83843750003
technical sales manager,105258.99241095896
technical solutions professional,85751.28496621622
technical writer,74722.70947882737
technician,91482.53613924062
telecommunications associate,76034.76173529413
telemarketer,75372.90086666666
telephone operator,84260.32667774084
teller,80087.80970149254
temporary assistant urban designer,87636.0331596091
temporary painter,67498.62501886794
tender,90991.56375776397
testifier/searcher,75307.66096491225
testing lead,81730.54057692307
therapist,100957.12250836109
thermostat repairer,78591.10378839585
third party services analyst,97856.373099631
threat analysttimekeeper,76408.23770909093
ticket taker,96534.6682786885
tile installer,96227.02472789124
timekeeper,91397.64306188923
timekeeping specialist,89381.50024590161
tool grinder,76659.35098591547
tort attorney,83917.15870535717
tour guide,83546.26783132525
tracking and monitoring data analyst,98012.25967999997
trainer,71727.32182835822
trainer & curriculum development specialist,86151.79885106388
training specialists,72860.78676991152
transit and railroad policeman,95414.74579166666
translator,80357.69902040815
transportation specialist,76878.97299610895
transportation storage and distribution manager,82621.83011235957
trapper,66232.96964143425
trauma-informed early care and education case supervisor,87916.08679425837
travel agent,80862.61489451473
travel guide,84310.28337883957
triage coordinator,90657.064279661
triage nurse,88283.7467772512
triage supervisor,84319.52714912276
trial preparation assistant,71806.42187772924
truck driver,94048.19425233643
typist,79317.12746666666
umpire,82266.40654320986
unit clerk,86901.07579908673
unit manager,124524.58715596319
unix system administrator,80196.45522613068
unix/linux systems lead,81890.12532407405
upholsterer,83651.67118143459
urban and regional planner,86527.96201086952
urban technology architect,75534.25461538462
urban technology security researcher,91087.04454545454
usher,69381.08718085109
valve installer,77794.36934343431
vessel construction manager,81847.90896713611
veterinarian,76522.03523255818
virtual systems engineer,64821.243307392964
vision screening assistant,71975.25700000001
vp for project management,73529.041761658
wage subsidy processing clerk,90259.92043103444
waiter,113848.96222222218
waitress,62032.843135135154
water resources analyst,72352.84925714282
water use inspector,89047.06983471068
waterfront facilities engineer,73639.58047368421
waterfront project manager,94827.93751243778
watershed maintainer,76080.15161073825
web application developer,96831.77465408803
webform team member,81614.63655737702
weigher,113069.90136094675
welder,85415.79089743589
wellness advocate,70107.77512048194
wellness advocate supervisor,104946.10615853666
windows administrator,75567.06434285713
wireless coordinator,93351.02691729323
woodworker,76020.52274999999
word processor ,89028.63761363637
workforce management analyst,80218.69475903617
workforce planning intern,87285.54920212769
writer,111372.62968944105
x-ray technician,69968.96089743589
yardmaster,76120.7341025641
youth initiatives lead advisor,78494.15634482756
